job_url,country
https://himalayas.app/companies/mrsool/jobs/analyst-performance,India
https://himalayas.app/companies/safelease/jobs/data-analyst,United States
https://himalayas.app/companies/codest-ltd-company-no-12590542-vat-number-gb363431020/jobs/data-analyst,Poland
https://himalayas.app/companies/codest-ltd-company-no-12590542-vat-number-gb363431020/jobs/data-analyst,United Kingdom
https://himalayas.app/companies/comfrt/jobs/digital-data-analyst,United States
https://himalayas.app/companies/eqvilent/jobs/analyst-with-python,Canada
https://himalayas.app/companies/eqvilent/jobs/analyst-with-python,Germany
https://himalayas.app/companies/eqvilent/jobs/analyst-with-python,India
https://himalayas.app/companies/eqvilent/jobs/analyst-with-python,United Kingdom
https://himalayas.app/companies/eqvilent/jobs/analyst-with-python,United States
https://himalayas.app/companies/chainlink-labs/jobs/data-analyst-economics,Argentina
https://himalayas.app/companies/chainlink-labs/jobs/data-analyst-economics,Brazil
https://himalayas.app/companies/chainlink-labs/jobs/data-analyst-economics,Mexico
https://himalayas.app/companies/campact-e-v/jobs/data-analyst-in,Germany
https://himalayas.app/companies/yipitdata/jobs/data-analyst-ii,United States
https://himalayas.app/companies/davita-kidney-care/jobs/analyst-data-management-rops,United States
https://himalayas.app/companies/turtles/jobs/business-data-analyst,United States
https://himalayas.app/companies/yipitdata/jobs/data-analyst-9578159879,United States
https://himalayas.app/companies/icf/jobs/rural-health-program-data-analyst,United States
https://himalayas.app/companies/mondelez-international/jobs/market-analyst,Georgia
https://himalayas.app/companies/mondelez-international/jobs/market-analyst,United States
https://himalayas.app/companies/e-c/jobs/energy-data-analyst,Belgium
https://himalayas.app/companies/e-c/jobs/energy-data-analyst,France
https://himalayas.app/companies/e-c/jobs/energy-data-analyst,Germany
https://himalayas.app/companies/e-c/jobs/energy-data-analyst,Netherlands
https://himalayas.app/companies/remote-world/jobs/data-analyst,United States
https://himalayas.app/companies/gan/jobs/data-analyst,United States
https://himalayas.app/companies/datasolutions/jobs/data-analyst,United States
https://himalayas.app/companies/the-league/jobs/data-analyst-product-marketing,United States
https://himalayas.app/companies/improvado/jobs/middle-data-analyst-marketing-agency-experience,United States
https://himalayas.app/companies/hack-the-box/jobs/data-analyst,United States
https://himalayas.app/companies/urrly/jobs/data-analyst,Mexico
https://himalayas.app/companies/loopback-analytics/jobs/data-analyst,United States
https://himalayas.app/companies/array/jobs/data-analyst,Canada
https://himalayas.app/companies/array/jobs/data-analyst,United States
https://himalayas.app/companies/hire-hangar/jobs/data-analyst-4187021937,Argentina
https://himalayas.app/companies/hire-hangar/jobs/data-analyst-4187021937,Brazil
https://himalayas.app/companies/hire-hangar/jobs/data-analyst-4187021937,Colombia
https://himalayas.app/companies/hire-hangar/jobs/data-analyst-4187021937,Dominican Republic
https://himalayas.app/companies/hire-hangar/jobs/data-analyst-4187021937,Egypt
https://himalayas.app/companies/hire-hangar/jobs/data-analyst-4187021937,Ethiopia
https://himalayas.app/companies/hire-hangar/jobs/data-analyst-4187021937,Mexico
https://himalayas.app/companies/hire-hangar/jobs/data-analyst-4187021937,Panama
https://himalayas.app/companies/hire-hangar/jobs/data-analyst-4187021937,South Africa
https://himalayas.app/companies/hire-hangar/jobs/data-analyst-4187021937,United Arab Emirates
https://himalayas.app/companies/hire-hangar/jobs/data-analyst-4187021937,Yemen
https://himalayas.app/companies/libertexgroup/jobs/data-analyst-3919747387,Turkey
https://himalayas.app/companies/recidiviz/jobs/data-analyst-6153414103,United States
https://himalayas.app/companies/world-insurance-associates-llc/jobs/data-analyst,United States
https://himalayas.app/companies/comcap/jobs/data-analyst-7726404080,Argentina
https://himalayas.app/companies/nmi/jobs/product-data-analyst-acquiring-operations,Canada
https://himalayas.app/companies/fusemachines/jobs/data-analyst-4442259328,Argentina
https://himalayas.app/companies/valerie-group/jobs/data-analyst,India
https://himalayas.app/companies/nielseniq/jobs/data-operations-analyst-5216835556,Latvia
https://himalayas.app/companies/alpaca/jobs/data-analyst,Anguilla
https://himalayas.app/companies/alpaca/jobs/data-analyst,Antigua and Barbuda
https://himalayas.app/companies/alpaca/jobs/data-analyst,Argentina
https://himalayas.app/companies/alpaca/jobs/data-analyst,Aruba
https://himalayas.app/companies/alpaca/jobs/data-analyst,Bahamas
https://himalayas.app/companies/alpaca/jobs/data-analyst,Barbados
https://himalayas.app/companies/alpaca/jobs/data-analyst,Belize
https://himalayas.app/companies/alpaca/jobs/data-analyst,Bermuda
https://himalayas.app/companies/alpaca/jobs/data-analyst,Bolivia
https://himalayas.app/companies/alpaca/jobs/data-analyst,"Bonaire, Sint Eustatius and Saba"
https://himalayas.app/companies/alpaca/jobs/data-analyst,Brazil
https://himalayas.app/companies/alpaca/jobs/data-analyst,Canada
https://himalayas.app/companies/alpaca/jobs/data-analyst,Cayman Islands
https://himalayas.app/companies/alpaca/jobs/data-analyst,Chile
https://himalayas.app/companies/alpaca/jobs/data-analyst,Colombia
https://himalayas.app/companies/alpaca/jobs/data-analyst,Costa Rica
https://himalayas.app/companies/alpaca/jobs/data-analyst,Cuba
https://himalayas.app/companies/alpaca/jobs/data-analyst,Curaçao
https://himalayas.app/companies/alpaca/jobs/data-analyst,Dominica
https://himalayas.app/companies/alpaca/jobs/data-analyst,Dominican Republic
https://himalayas.app/companies/alpaca/jobs/data-analyst,Ecuador
https://himalayas.app/companies/alpaca/jobs/data-analyst,El Salvador
https://himalayas.app/companies/alpaca/jobs/data-analyst,Falkland Islands (Malvinas)
https://himalayas.app/companies/alpaca/jobs/data-analyst,French Guiana
https://himalayas.app/companies/alpaca/jobs/data-analyst,Greenland
https://himalayas.app/companies/alpaca/jobs/data-analyst,Grenada
https://himalayas.app/companies/alpaca/jobs/data-analyst,Guadeloupe
https://himalayas.app/companies/alpaca/jobs/data-analyst,Guatemala
https://himalayas.app/companies/alpaca/jobs/data-analyst,Guyana
https://himalayas.app/companies/alpaca/jobs/data-analyst,Haiti
https://himalayas.app/companies/alpaca/jobs/data-analyst,Honduras
https://himalayas.app/companies/alpaca/jobs/data-analyst,Jamaica
https://himalayas.app/companies/alpaca/jobs/data-analyst,Martinique
https://himalayas.app/companies/alpaca/jobs/data-analyst,Mexico
https://himalayas.app/companies/alpaca/jobs/data-analyst,Montserrat
https://himalayas.app/companies/alpaca/jobs/data-analyst,Nicaragua
https://himalayas.app/companies/alpaca/jobs/data-analyst,Panama
https://himalayas.app/companies/alpaca/jobs/data-analyst,Paraguay
https://himalayas.app/companies/alpaca/jobs/data-analyst,Peru
https://himalayas.app/companies/alpaca/jobs/data-analyst,Puerto Rico
https://himalayas.app/companies/alpaca/jobs/data-analyst,Saint Barthélemy
https://himalayas.app/companies/alpaca/jobs/data-analyst,Saint Kitts and Nevis
https://himalayas.app/companies/alpaca/jobs/data-analyst,Saint Lucia
https://himalayas.app/companies/alpaca/jobs/data-analyst,Saint Martin (French part)
https://himalayas.app/companies/alpaca/jobs/data-analyst,Saint Pierre and Miquelon
https://himalayas.app/companies/alpaca/jobs/data-analyst,Saint Vincent and the Grenadines
https://himalayas.app/companies/alpaca/jobs/data-analyst,Sint Maarten (Dutch part)
https://himalayas.app/companies/alpaca/jobs/data-analyst,South Georgia and the South Sandwich Islands
https://himalayas.app/companies/alpaca/jobs/data-analyst,Suriname
https://himalayas.app/companies/alpaca/jobs/data-analyst,Trinidad and Tobago
https://himalayas.app/companies/alpaca/jobs/data-analyst,Turks and Caicos Islands
https://himalayas.app/companies/alpaca/jobs/data-analyst,United States
https://himalayas.app/companies/alpaca/jobs/data-analyst,United States Minor Outlying Islands
https://himalayas.app/companies/alpaca/jobs/data-analyst,Uruguay
https://himalayas.app/companies/alpaca/jobs/data-analyst,Venezuela
https://himalayas.app/companies/alpaca/jobs/data-analyst,"Virgin Islands, British"
https://himalayas.app/companies/alpaca/jobs/data-analyst,"Virgin Islands, U.S."
https://himalayas.app/companies/improvado/jobs/middle-marketing-data-analyst-agency-expereince,United States
https://himalayas.app/companies/stio/jobs/data-analyst,United States
https://himalayas.app/companies/panterra-global-ltd/jobs/data-operations-associate-opinion-research,United States
https://himalayas.app/companies/builders-firstsource/jobs/analyst-business-enablement-hq-project-leadership,United States
https://himalayas.app/companies/kultremedia-llc/jobs/km-business-analyst,Philippines
https://himalayas.app/companies/netomi/jobs/senior-data-analyst,India
https://himalayas.app/companies/9amhealth/jobs/senior-data-analyst,Austria
https://himalayas.app/companies/9amhealth/jobs/senior-data-analyst,United States
https://himalayas.app/companies/phase2/jobs/senior-data-analyst,United States
https://himalayas.app/companies/alter-solutions/jobs/analityk-biznesowy-st,Poland
https://himalayas.app/companies/kraftheinz/jobs/sales-analyst-amazon,United States
https://himalayas.app/companies/capgemini-technology-services/jobs/fbs-data-marketing-analyst-mid-level,Brazil
https://himalayas.app/companies/nextgen-healthcare/jobs/data-analyst-ii,Georgia
https://himalayas.app/companies/work-mercor/jobs/data-analyst-upto-100-hr-part-time,United States
https://himalayas.app/companies/telus-international-ai-inc/jobs/online-data-analyst-english-singapore-9870659181,Singapore
https://himalayas.app/companies/keyrus/jobs/data-analyst-pl-sr,United States
https://himalayas.app/companies/monocle-solutions/jobs/data-analyst-banking,South Africa
https://himalayas.app/companies/nearsource-technologies/jobs/senior-data-analyst-sql-power-bi-looker,Canada
https://himalayas.app/companies/kmc-solutions-inc/jobs/xtn-bd54531-senior-data-analyst,Philippines
https://himalayas.app/companies/ryz-labs/jobs/sr-data-analyst,Argentina
https://himalayas.app/companies/resident/jobs/product-analyst,United States
https://himalayas.app/companies/monzo/jobs/senior-data-analyst-financial-health,United Kingdom
https://himalayas.app/companies/ministry-of-education/jobs/principal-analyst,New Zealand
https://himalayas.app/companies/lodgify/jobs/senior-data-analyst,Spain
https://himalayas.app/companies/yipitdata/jobs/data-product-analyst-corporate,United States
https://himalayas.app/companies/lodgify/jobs/senior-growth-data-analyst,Spain
https://himalayas.app/companies/kmc-solutions-inc/jobs/xtn-78ee376-data-analyst-bi-experience,United States
https://himalayas.app/companies/lean-tech/jobs/mid-reporting-analyst,Colombia
https://himalayas.app/companies/highmark-health/jobs/senior-data-analyst-2305570923,United States
https://himalayas.app/companies/jobs-for-humanity/jobs/data-analyst,United States
https://himalayas.app/companies/valce-talent-solutions/jobs/data-analyst-programmer,United States
https://himalayas.app/companies/home-depot-u-s-a-inc/jobs/sr-analyst-insights-and-analytics,United States
https://himalayas.app/companies/sigma-software-e561c036-16e4-4b2c-aa28-a33af9f3750b/jobs/senior-data-analyst,Ukraine
https://himalayas.app/companies/walmart-com/jobs/usa-senior-data-analyst,United States
https://himalayas.app/companies/siegen-hr-solutions-inc/jobs/virtual-employment-remote-data-analyst-2298259771,United States
https://himalayas.app/companies/red-robin/jobs/marketing-analyst-strategy-data-science,United States
https://himalayas.app/companies/careerswift/jobs/data-analyst-junior-mid,United States
https://himalayas.app/companies/bryanjohnson/jobs/product-analyst-927496753,United States
https://himalayas.app/companies/crc-group/jobs/data-analyst,United States
https://himalayas.app/companies/social-discovery-ventures/jobs/product-analyst-muslima,Armenia
https://himalayas.app/companies/social-discovery-ventures/jobs/product-analyst-muslima,Australia
https://himalayas.app/companies/social-discovery-ventures/jobs/product-analyst-muslima,Cyprus
https://himalayas.app/companies/social-discovery-ventures/jobs/product-analyst-muslima,Georgia
https://himalayas.app/companies/social-discovery-ventures/jobs/product-analyst-muslima,Hong Kong
https://himalayas.app/companies/social-discovery-ventures/jobs/product-analyst-muslima,Indonesia
https://himalayas.app/companies/social-discovery-ventures/jobs/product-analyst-muslima,Israel
https://himalayas.app/companies/social-discovery-ventures/jobs/product-analyst-muslima,Japan
https://himalayas.app/companies/social-discovery-ventures/jobs/product-analyst-muslima,Kazakhstan
https://himalayas.app/companies/social-discovery-ventures/jobs/product-analyst-muslima,Latvia
https://himalayas.app/companies/social-discovery-ventures/jobs/product-analyst-muslima,Malta
https://himalayas.app/companies/social-discovery-ventures/jobs/product-analyst-muslima,Montenegro
https://himalayas.app/companies/social-discovery-ventures/jobs/product-analyst-muslima,Poland
https://himalayas.app/companies/social-discovery-ventures/jobs/product-analyst-muslima,Portugal
https://himalayas.app/companies/social-discovery-ventures/jobs/product-analyst-muslima,Serbia
https://himalayas.app/companies/social-discovery-ventures/jobs/product-analyst-muslima,Spain
https://himalayas.app/companies/social-discovery-ventures/jobs/product-analyst-muslima,Thailand
https://himalayas.app/companies/social-discovery-ventures/jobs/product-analyst-muslima,Turkey
https://himalayas.app/companies/social-discovery-ventures/jobs/product-analyst-muslima,United Arab Emirates
https://himalayas.app/companies/social-discovery-ventures/jobs/product-analyst-muslima,United States
https://himalayas.app/companies/danaher/jobs/senior-business-analyst,United Kingdom
https://himalayas.app/companies/wellbe-senior-medical/jobs/healthcare-reporting-analyst,United States
https://himalayas.app/companies/trax-technologies/jobs/logistics-data-analyst-latam,Costa Rica
https://himalayas.app/companies/lexisnexis/jobs/global-operations-senior-data-analyst-i,United Kingdom
https://himalayas.app/companies/kraken/jobs/senior-data-analyst-growth,Argentina
https://himalayas.app/companies/kraken/jobs/senior-data-analyst-growth,Brazil
https://himalayas.app/companies/kraken/jobs/senior-data-analyst-growth,Bulgaria
https://himalayas.app/companies/kraken/jobs/senior-data-analyst-growth,Canada
https://himalayas.app/companies/kraken/jobs/senior-data-analyst-growth,Chile
https://himalayas.app/companies/kraken/jobs/senior-data-analyst-growth,Colombia
https://himalayas.app/companies/kraken/jobs/senior-data-analyst-growth,Cyprus
https://himalayas.app/companies/kraken/jobs/senior-data-analyst-growth,Czechia
https://himalayas.app/companies/kraken/jobs/senior-data-analyst-growth,Hungary
https://himalayas.app/companies/kraken/jobs/senior-data-analyst-growth,Ireland
https://himalayas.app/companies/kraken/jobs/senior-data-analyst-growth,Lithuania
https://himalayas.app/companies/kraken/jobs/senior-data-analyst-growth,Mexico
https://himalayas.app/companies/kraken/jobs/senior-data-analyst-growth,Peru
https://himalayas.app/companies/kraken/jobs/senior-data-analyst-growth,Poland
https://himalayas.app/companies/kraken/jobs/senior-data-analyst-growth,Portugal
https://himalayas.app/companies/kraken/jobs/senior-data-analyst-growth,Romania
https://himalayas.app/companies/kraken/jobs/senior-data-analyst-growth,Spain
https://himalayas.app/companies/kraken/jobs/senior-data-analyst-growth,Sweden
https://himalayas.app/companies/kraken/jobs/senior-data-analyst-growth,Switzerland
https://himalayas.app/companies/kraken/jobs/senior-data-analyst-growth,United Kingdom
https://himalayas.app/companies/felixpago/jobs/support-operations-analyst,Argentina
https://himalayas.app/companies/sbc-performance/jobs/senior-data-analyst,Czechia
https://himalayas.app/companies/sbc-performance/jobs/senior-data-analyst,Poland
https://himalayas.app/companies/sbc-performance/jobs/senior-data-analyst,Ukraine
https://himalayas.app/companies/workwave/jobs/sales-operations-analyst,United States
https://himalayas.app/companies/keyrus/jobs/data-analyst-pleno-senior-excel-vba-e-automacao,United States
https://himalayas.app/companies/gofasti/jobs/1097-data-analyst,United States
https://himalayas.app/companies/cardinal-health/jobs/data-analyst-it-service-center,United States
https://himalayas.app/companies/tort-experts/jobs/business-analyst-intake-lead-ops-marketing,Venezuela
https://himalayas.app/companies/sajix-software-solution-private-limited/jobs/business-intelligence-analyst,United States
https://himalayas.app/companies/thndr/jobs/data-content-intelligence-intern,Egypt
https://himalayas.app/companies/zoetis/jobs/data-analyst-dairy-predictive-solutions,United States
https://himalayas.app/companies/empassion/jobs/senior-data-analyst,United States
https://himalayas.app/companies/marktine-technology-solutions-pvt-ltd/jobs/process-developer-data-analyst,United States
https://himalayas.app/companies/ttec-digital/jobs/senior-business-data-analyst,Philippines
https://himalayas.app/companies/advarra/jobs/business-intelligence-data-analyst-ii,United States
https://himalayas.app/companies/pradeepit-consulting-services-pvt-ltd/jobs/data-analytics,United States
https://himalayas.app/companies/venon-solutions/jobs/955-data-analyst,United States
https://himalayas.app/companies/betmgm/jobs/marketing-acquisition-analyst,United States
https://himalayas.app/companies/gridlines/jobs/analyst-model-audit-5547563368,Brazil
https://himalayas.app/companies/spacecoast-av-consultants-llc/jobs/data-analyst,United States
https://himalayas.app/companies/exl/jobs/consent-data-analyst,Canada
https://himalayas.app/companies/sedgwick/jobs/senior-data-analyst,United States
https://himalayas.app/companies/yipitdata/jobs/investor-research-analyst,United States
https://himalayas.app/companies/solutionhealth/jobs/data-analyst-iii-it-reporting-full-time,India
https://himalayas.app/companies/concentrix/jobs/marketing-data-analyst,Mexico
https://himalayas.app/companies/capitex/jobs/us-financial-crime-data-analyst-sql-large-data-sets,United States
https://himalayas.app/companies/crewbloom/jobs/partner-data-reporting-analyst,India
https://himalayas.app/companies/prosidian-consulting-llc/jobs/data-analyst,United States
https://himalayas.app/companies/3m-consultancy/jobs/data-analyst-with-irs-mbi-clearance-required,United States
https://himalayas.app/companies/capgemini-technology-services/jobs/fbs-data-analyst-power-bi,Mexico
https://himalayas.app/companies/nexu/jobs/business-analyst,Mexico
https://himalayas.app/companies/ltg/jobs/data-analytics-consultant-affirmity-us-remote,United States
https://himalayas.app/companies/clickview/jobs/looker-data-analyst,Philippines
https://himalayas.app/companies/wellbe-senior-medical/jobs/data-systems-analyst,United States
https://himalayas.app/companies/ravio/jobs/insights-analyst,United Kingdom
https://himalayas.app/companies/ttec-digital/jobs/senior-data-analyst,Philippines
https://himalayas.app/companies/radiance-technologies-inc/jobs/junior-data-analyst,United States
https://himalayas.app/companies/wood-mackenzie-inc/jobs/lead-revenue-and-data-analyst,United States
https://himalayas.app/companies/jonas-software-uk-europe/jobs/m-a-research-data-analyst,United Kingdom
https://himalayas.app/companies/ryz-labs/jobs/data-analyst,Argentina
https://himalayas.app/companies/gridware-com/jobs/operations-analyst-contractor-role,India
https://himalayas.app/companies/talent-shore/jobs/data-and-reporting-analyst,South Africa
https://himalayas.app/companies/claritev-com/jobs/healthcare-analytics-advisor,United States
https://himalayas.app/companies/ncd/jobs/data-analyst,United States
https://himalayas.app/companies/averna/jobs/ai-savvy-data-analyst-english-version,Canada
https://himalayas.app/companies/mondo-unlimited/jobs/senior-analyst-data-driven-detroit,United States
https://himalayas.app/companies/groundtruth-india-pvt-ltd/jobs/senior-data-analyst,India
https://himalayas.app/companies/pavago/jobs/financial-data-analyst-1423837419,Brazil
https://himalayas.app/companies/pavago/jobs/financial-data-analyst-1423837419,United States
https://himalayas.app/companies/virtualstaff36/jobs/data-and-reporting-analyst,Philippines
https://himalayas.app/companies/digital-promise/jobs/contract-data-analyst,United States
https://himalayas.app/companies/marktine-technology-solutions-pvt-ltd/jobs/tableau-developer,United States
https://himalayas.app/companies/ci-t/jobs/job-29212-senior-data-analyts-brazil,Brazil
https://himalayas.app/companies/klikit/jobs/data-analyst,United States
https://himalayas.app/companies/oddbytes/jobs/senior-data-analyst,United States
https://himalayas.app/companies/kraken/jobs/senior-data-analyst-product,Argentina
https://himalayas.app/companies/kraken/jobs/senior-data-analyst-product,Brazil
https://himalayas.app/companies/kraken/jobs/senior-data-analyst-product,Bulgaria
https://himalayas.app/companies/kraken/jobs/senior-data-analyst-product,Canada
https://himalayas.app/companies/kraken/jobs/senior-data-analyst-product,Chile
https://himalayas.app/companies/kraken/jobs/senior-data-analyst-product,Colombia
https://himalayas.app/companies/kraken/jobs/senior-data-analyst-product,Cyprus
https://himalayas.app/companies/kraken/jobs/senior-data-analyst-product,Czechia
https://himalayas.app/companies/kraken/jobs/senior-data-analyst-product,Hungary
https://himalayas.app/companies/kraken/jobs/senior-data-analyst-product,Ireland
https://himalayas.app/companies/kraken/jobs/senior-data-analyst-product,Lithuania
https://himalayas.app/companies/kraken/jobs/senior-data-analyst-product,Mexico
https://himalayas.app/companies/kraken/jobs/senior-data-analyst-product,Peru
https://himalayas.app/companies/kraken/jobs/senior-data-analyst-product,Poland
https://himalayas.app/companies/kraken/jobs/senior-data-analyst-product,Portugal
https://himalayas.app/companies/kraken/jobs/senior-data-analyst-product,Romania
https://himalayas.app/companies/kraken/jobs/senior-data-analyst-product,Spain
https://himalayas.app/companies/kraken/jobs/senior-data-analyst-product,Sweden
https://himalayas.app/companies/kraken/jobs/senior-data-analyst-product,Switzerland
https://himalayas.app/companies/kraken/jobs/senior-data-analyst-product,United Kingdom
https://himalayas.app/companies/hrtx-inc/jobs/data-analyst-marketing-analyst,Philippines
https://himalayas.app/companies/work-mercor/jobs/insights-analyst-5610071933,Canada
https://himalayas.app/companies/the-kraft-heinz-company/jobs/sr-analyst-strategic-planning-insights,United States
https://himalayas.app/companies/multicare-health-system/jobs/hr-employee-data-analyst,United States
https://himalayas.app/companies/danaher/jobs/business-insights-analyst,United States
https://himalayas.app/companies/formfactor-inc/jobs/senior-data-analyst-financial-analytics-2721046250,United States
https://himalayas.app/companies/lexisnexis/jobs/decision-support-analyst,United Kingdom
https://himalayas.app/companies/scalepex/jobs/healthcare-data-analyst-8416887259,Mexico
https://himalayas.app/companies/mission-underwriting-managers/jobs/senior-data-analyst,United States
https://himalayas.app/companies/national-university/jobs/senior-digital-analyst-2881989358,United States
https://himalayas.app/companies/virtual-teammate/jobs/hubspot-analyst,United States
https://himalayas.app/companies/launch-potato/jobs/lead-data-analyst-marketing,United States
https://himalayas.app/companies/satispay/jobs/fraud-data-analyst,Luxembourg
https://himalayas.app/companies/ceox-services-ltd/jobs/data-analyst,United Kingdom
https://himalayas.app/companies/newsquest-media-group/jobs/insights-analyst,United Kingdom
https://himalayas.app/companies/evotix/jobs/data-analyst-9747705737,Romania
https://himalayas.app/companies/moniepoint/jobs/senior-data-analyst-6305220879,Australia
https://himalayas.app/companies/moniepoint/jobs/senior-data-analyst-6305220879,Canada
https://himalayas.app/companies/moniepoint/jobs/senior-data-analyst-6305220879,India
https://himalayas.app/companies/moniepoint/jobs/senior-data-analyst-6305220879,United Kingdom
https://himalayas.app/companies/moniepoint/jobs/senior-data-analyst-6305220879,United States
https://himalayas.app/companies/revecore/jobs/data-operations-analyst,United States
https://himalayas.app/companies/virtual-teammate/jobs/data-analyst,United States
https://himalayas.app/companies/precision-medicine-group/jobs/senior-data-analyst,India
https://himalayas.app/companies/capitex/jobs/uk-financial-crime-data-analyst-sql-large-data-sets,United Kingdom
https://himalayas.app/companies/source-a-rep-pty-ltd/jobs/data-executive-sdr-operations-revenue-intelligence,United States
https://himalayas.app/companies/gramian-consulting-group/jobs/ai-evaluation-engineer-data-analysis-multi-agent-systems-2399976813,Ghana
https://himalayas.app/companies/comcap/jobs/data-analyst,Venezuela
https://himalayas.app/companies/damia-group/jobs/junior-data-analyst,Portugal
https://himalayas.app/companies/goodlord/jobs/data-analyst-mid-level,United Kingdom
https://himalayas.app/companies/growthpair/jobs/growth-analyst-5326282567,Brazil
https://himalayas.app/companies/growthpair/jobs/growth-analyst-5326282567,Philippines
https://himalayas.app/companies/radiance-technologies-inc/jobs/data-analyst,United States
https://himalayas.app/companies/scalepex/jobs/healthcare-data-analyst,United States
https://himalayas.app/companies/swish-analytics/jobs/sports-data-analyst,United States
https://himalayas.app/companies/truelogic-io/jobs/senior-data-analyst-travel-entertainment,United States
https://himalayas.app/companies/nordic-global/jobs/senior-data-analyst-1344462657,United States
https://himalayas.app/companies/the-kraft-heinz-company/jobs/senior-analyst-ecommerce-business-analytics,United States
https://himalayas.app/companies/royal-caribbean-group/jobs/analyst-senior-data-remote-fl-us-33810,United States
https://himalayas.app/companies/spartan-investment-group/jobs/market-competitive-intelligence-analyst,Philippines
https://himalayas.app/companies/aliancers/jobs/analista-de-datos-operaciones,United States
https://himalayas.app/companies/elder-research/jobs/data-analyst,United States
https://himalayas.app/companies/highmark-health/jobs/senior-data-solutions-analyst-medicaid-growth-reporting-3154718738,United States
https://himalayas.app/companies/techbiz-global/jobs/marketing-analyst,Australia
https://himalayas.app/companies/techbiz-global/jobs/marketing-analyst,Canada
https://himalayas.app/companies/techbiz-global/jobs/marketing-analyst,Germany
https://himalayas.app/companies/techbiz-global/jobs/marketing-analyst,India
https://himalayas.app/companies/techbiz-global/jobs/marketing-analyst,United Kingdom
https://himalayas.app/companies/techbiz-global/jobs/marketing-analyst,United States
https://himalayas.app/companies/luminare-health/jobs/senior-data-analyst-ii-lhb,United States
https://himalayas.app/companies/expert-va/jobs/data-accounting-analyst,United States
https://himalayas.app/companies/walmart-com/jobs/usa-data-analyst-ii,United States
https://himalayas.app/companies/yipitdata/jobs/senior-data-analyst,United States
https://himalayas.app/companies/venduetech/jobs/data-analyst-part-time-worldwide,Australia
https://himalayas.app/companies/venduetech/jobs/data-analyst-part-time-worldwide,Bangladesh
https://himalayas.app/companies/venduetech/jobs/data-analyst-part-time-worldwide,Brazil
https://himalayas.app/companies/venduetech/jobs/data-analyst-part-time-worldwide,Canada
https://himalayas.app/companies/venduetech/jobs/data-analyst-part-time-worldwide,China
https://himalayas.app/companies/venduetech/jobs/data-analyst-part-time-worldwide,France
https://himalayas.app/companies/venduetech/jobs/data-analyst-part-time-worldwide,Germany
https://himalayas.app/companies/venduetech/jobs/data-analyst-part-time-worldwide,India
https://himalayas.app/companies/venduetech/jobs/data-analyst-part-time-worldwide,Italy
https://himalayas.app/companies/venduetech/jobs/data-analyst-part-time-worldwide,Japan
https://himalayas.app/companies/venduetech/jobs/data-analyst-part-time-worldwide,Mexico
https://himalayas.app/companies/venduetech/jobs/data-analyst-part-time-worldwide,Netherlands
https://himalayas.app/companies/venduetech/jobs/data-analyst-part-time-worldwide,Norway
https://himalayas.app/companies/venduetech/jobs/data-analyst-part-time-worldwide,Pakistan
https://himalayas.app/companies/venduetech/jobs/data-analyst-part-time-worldwide,Philippines
https://himalayas.app/companies/venduetech/jobs/data-analyst-part-time-worldwide,South Korea
https://himalayas.app/companies/venduetech/jobs/data-analyst-part-time-worldwide,Spain
https://himalayas.app/companies/venduetech/jobs/data-analyst-part-time-worldwide,Sweden
https://himalayas.app/companies/venduetech/jobs/data-analyst-part-time-worldwide,United Kingdom
https://himalayas.app/companies/venduetech/jobs/data-analyst-part-time-worldwide,United States
https://himalayas.app/companies/remote-raven/jobs/data-systems-analyst,Philippines
https://himalayas.app/companies/machinify/jobs/dmg-data-mining-analyst-ii,United States
https://himalayas.app/companies/dacodes/jobs/marketing-business-analyst-1781603735,Peru
https://himalayas.app/companies/coopercompanies/jobs/senior-analyst-business-intelligence,United States
https://himalayas.app/companies/aliancers/jobs/data-analyts,United States
https://himalayas.app/companies/comfrt/jobs/marketing-and-customer-data-analyst,United States
https://himalayas.app/companies/free2move/jobs/data-analyst-junior-remote-or-onsite,France
https://himalayas.app/companies/precision-aq/jobs/senior-data-analyst,India
https://himalayas.app/companies/solanalabs/jobs/senior-data-analyst,Switzerland
https://himalayas.app/companies/necsws/jobs/data-analyst,United Kingdom
https://himalayas.app/companies/sphera/jobs/associate-data-analyst-sql-excel,Poland
https://himalayas.app/companies/computercare/jobs/data-analyst-ii,United States
https://himalayas.app/companies/everesttechnologies/jobs/data-analyst,United States
https://himalayas.app/companies/arch-capital-group-ltd/jobs/2026-7974-data-analyst-senior-night-shift,Philippines
https://himalayas.app/companies/pavago/jobs/financial-data-analyst-6305551181,Colombia
https://himalayas.app/companies/smithrx/jobs/marketing-data-analyst,Australia
https://himalayas.app/companies/smithrx/jobs/marketing-data-analyst,Canada
https://himalayas.app/companies/smithrx/jobs/marketing-data-analyst,India
https://himalayas.app/companies/smithrx/jobs/marketing-data-analyst,United Kingdom
https://himalayas.app/companies/smithrx/jobs/marketing-data-analyst,United States
https://himalayas.app/companies/dlh-corporation/jobs/research-analyst-sas-and-r-job-1368,United States
https://himalayas.app/companies/palta/jobs/product-analyst,United States
https://himalayas.app/companies/deploy/jobs/marketing-analytics-analyst,United States
https://himalayas.app/companies/work-mercor/jobs/business-intelligence-analyst,Canada
https://himalayas.app/companies/tabby/jobs/senior-data-analyst-cx,Armenia
https://himalayas.app/companies/intertek/jobs/data-bi-analyst,Bulgaria
https://himalayas.app/companies/aldia/jobs/data-analyst,Spain
https://himalayas.app/companies/danaher/jobs/sales-analyst-sea,Malaysia
https://himalayas.app/companies/remote/jobs/finance-systems-data-analyst,Australia
https://himalayas.app/companies/remote/jobs/finance-systems-data-analyst,Canada
https://himalayas.app/companies/remote/jobs/finance-systems-data-analyst,France
https://himalayas.app/companies/remote/jobs/finance-systems-data-analyst,Germany
https://himalayas.app/companies/remote/jobs/finance-systems-data-analyst,Netherlands
https://himalayas.app/companies/remote/jobs/finance-systems-data-analyst,United Kingdom
https://himalayas.app/companies/remote/jobs/finance-systems-data-analyst,United States
https://himalayas.app/companies/the-preferred-supplier/jobs/data-analist-ms-sql,Netherlands
https://himalayas.app/companies/owens-minor/jobs/business-intelligence-analyst,United States
https://himalayas.app/companies/marrina-decisions/jobs/remote-marketing-data-analyst,United States
https://himalayas.app/companies/wati/jobs/senior-product-analyst,India
https://himalayas.app/companies/paired-so/jobs/senior-data-analyst-marketing-focus-at-beautytech-dtc-brand-remote-eu-based-3063878083,Portugal
https://himalayas.app/companies/clover-health/jobs/data-analyst-value-based-care-analytics,United States
https://himalayas.app/companies/engine/jobs/staff-data-analyst-engine-x,United States
https://himalayas.app/companies/remote-va/jobs/data-analyst,Philippines
https://himalayas.app/companies/ededge-learning/jobs/data-analyst-internship-program,United Kingdom
https://himalayas.app/companies/printful/jobs/senior-data-analyst,Latvia
https://himalayas.app/companies/the-kraft-heinz-company/jobs/customer-analyst-sales,United States
https://himalayas.app/companies/axuall/jobs/senior-data-analyst,United States
https://himalayas.app/companies/averna/jobs/analyste-de-donnees-ia,Canada
https://himalayas.app/companies/engine/jobs/sr-product-analyst-omni,United States
https://himalayas.app/companies/mama-money/jobs/senior-data-analyst,South Africa
https://himalayas.app/companies/claritev-com/jobs/temporary-provider-data-analyst,United States
https://himalayas.app/companies/r2/jobs/data-analyst-intern-latam-only,Argentina
https://himalayas.app/companies/r2/jobs/data-analyst-intern-latam-only,Bolivia
https://himalayas.app/companies/r2/jobs/data-analyst-intern-latam-only,Brazil
https://himalayas.app/companies/r2/jobs/data-analyst-intern-latam-only,Chile
https://himalayas.app/companies/r2/jobs/data-analyst-intern-latam-only,Colombia
https://himalayas.app/companies/r2/jobs/data-analyst-intern-latam-only,Costa Rica
https://himalayas.app/companies/r2/jobs/data-analyst-intern-latam-only,Cuba
https://himalayas.app/companies/r2/jobs/data-analyst-intern-latam-only,Dominican Republic
https://himalayas.app/companies/r2/jobs/data-analyst-intern-latam-only,Ecuador
https://himalayas.app/companies/r2/jobs/data-analyst-intern-latam-only,El Salvador
https://himalayas.app/companies/r2/jobs/data-analyst-intern-latam-only,Guatemala
https://himalayas.app/companies/r2/jobs/data-analyst-intern-latam-only,Honduras
https://himalayas.app/companies/r2/jobs/data-analyst-intern-latam-only,Mexico
https://himalayas.app/companies/r2/jobs/data-analyst-intern-latam-only,Nicaragua
https://himalayas.app/companies/r2/jobs/data-analyst-intern-latam-only,Panama
https://himalayas.app/companies/r2/jobs/data-analyst-intern-latam-only,Paraguay
https://himalayas.app/companies/r2/jobs/data-analyst-intern-latam-only,Peru
https://himalayas.app/companies/r2/jobs/data-analyst-intern-latam-only,Uruguay
https://himalayas.app/companies/r2/jobs/data-analyst-intern-latam-only,Venezuela
https://himalayas.app/companies/sphera/jobs/senior-data-analyst,Poland
https://himalayas.app/companies/lite-e-commerce/jobs/business-analyst-operations,Poland
https://himalayas.app/companies/stride-inc/jobs/senior-data-analyst-2468901470,United States
https://himalayas.app/companies/assistrx/jobs/senior-data-analyst-data-transfer-agreement-gap-analysis-data-sql-skills,United States
https://himalayas.app/companies/pradeepit-consulting-services-pvt-ltd/jobs/data-analyst,India
https://himalayas.app/companies/24-hours-group/jobs/reports-analyst-philippines,United States
https://himalayas.app/companies/walker-dunlop/jobs/senior-data-analyst-5669426465,Netherlands
https://himalayas.app/companies/hrtx-inc/jobs/data-analyst-marketing,Philippines
https://himalayas.app/companies/trader-interactive/jobs/data-systems-analyst-ii,United States
https://himalayas.app/companies/aptive/jobs/data-analyst-sr-ai-research-systems-support,United States
https://himalayas.app/companies/binance/jobs/marketing-business-analyst,Hong Kong
https://himalayas.app/companies/binance/jobs/marketing-business-analyst,United Arab Emirates
https://himalayas.app/companies/fusemachines/jobs/data-analyst,Pakistan
https://himalayas.app/companies/venbrook/jobs/technical-business-analyst,United States
https://himalayas.app/companies/versant-health/jobs/data-reporting-analyst,Australia
https://himalayas.app/companies/versant-health/jobs/data-reporting-analyst,Canada
https://himalayas.app/companies/versant-health/jobs/data-reporting-analyst,India
https://himalayas.app/companies/versant-health/jobs/data-reporting-analyst,Philippines
https://himalayas.app/companies/versant-health/jobs/data-reporting-analyst,United Kingdom
https://himalayas.app/companies/versant-health/jobs/data-reporting-analyst,United States
https://himalayas.app/companies/cozey/jobs/analyste-e-commerce,Canada
https://himalayas.app/companies/genesis/jobs/middle-data-analyst-findies,Ukraine
https://himalayas.app/companies/sentara-health/jobs/senior-healthcare-data-analyst-remote,United States
https://himalayas.app/companies/linktree/jobs/senior-data-analyst,South Africa
https://himalayas.app/companies/steelseries/jobs/digital-marketing-analyst,Poland
https://himalayas.app/companies/bold/jobs/commissions-commercial-analyst,Argentina
https://himalayas.app/companies/bold/jobs/commissions-commercial-analyst,Chile
https://himalayas.app/companies/bold/jobs/commissions-commercial-analyst,Colombia
https://himalayas.app/companies/bold/jobs/commissions-commercial-analyst,Dominican Republic
https://himalayas.app/companies/bold/jobs/commissions-commercial-analyst,Ecuador
https://himalayas.app/companies/bold/jobs/commissions-commercial-analyst,Guatemala
https://himalayas.app/companies/bold/jobs/commissions-commercial-analyst,Mexico
https://himalayas.app/companies/bold/jobs/commissions-commercial-analyst,Peru
https://himalayas.app/companies/bold/jobs/commissions-commercial-analyst,Spain
https://himalayas.app/companies/bold/jobs/commissions-commercial-analyst,Venezuela
https://himalayas.app/companies/comfrt/jobs/operations-and-logistics-data-analyst,United States
https://himalayas.app/companies/lifeway-christian-resources/jobs/service-cloud-data-analyst-remote,United States
https://himalayas.app/companies/molina-healthcare/jobs/analyst-finance-analytics-advanced-sql-large-scale-data-remote,United States
https://himalayas.app/companies/ethos/jobs/principal-analyst,United States
https://himalayas.app/companies/truelogic-io/jobs/senior-data-analyst-travel-entertainment-brazil,Brazil
https://himalayas.app/companies/dadosfera/jobs/data-analyst-talent-pool-banco-de-talentos-analista-de-dados,Brazil
https://himalayas.app/companies/capgemini-technology-services/jobs/business-solutions-analyst-data-reporting,Mexico
https://himalayas.app/companies/ryz-labs/jobs/data-product-analyst-9384092849,Argentina
https://himalayas.app/companies/genesis/jobs/data-analyst-marketing-holywater-493671079,Ukraine
https://himalayas.app/companies/credit-acceptance/jobs/associate-mid-level-senior-analytics-reporting-analyst,United States
https://himalayas.app/companies/travel-leisure-co/jobs/club-compliance-data-analyst-ii,United States
https://himalayas.app/companies/algomarketing/jobs/marketing-data-operations-analyst-us-east-coast,United States
https://himalayas.app/companies/centene-corporation/jobs/data-analyst-iv-healthcare-analytics-medical-economics-5486304748,Ireland
https://himalayas.app/companies/centene-corporation/jobs/data-analyst-iv-healthcare-analytics-medical-economics-5486304748,United Kingdom
https://himalayas.app/companies/centene-corporation/jobs/data-analyst-iv-healthcare-analytics-medical-economics-5486304748,United States
https://himalayas.app/companies/walmart-com/jobs/senior-data-analyst-market-research-survey-analytics,United States
https://himalayas.app/companies/talent-shore/jobs/6-month-ftc-bi-analyst,South Africa
https://himalayas.app/companies/seneca-holdings/jobs/journeyman-data-insights-specialist,United States
https://himalayas.app/companies/data-ideology/jobs/data-analyst-2176680107,United States
https://himalayas.app/companies/walter-bacon-llc/jobs/data-analyst-life-sciences-specialist-direct-hire-125-210k-telecommute,United States
https://himalayas.app/companies/felix-com/jobs/support-operations-analyst,Colombia
https://himalayas.app/companies/gramian-consulting-group/jobs/ai-evaluation-engineer-data-analysis-multi-agent-systems,Kenya
https://himalayas.app/companies/polk/jobs/data-analyst,United States
https://himalayas.app/companies/alter-solutions/jobs/data-analyst,Spain
https://himalayas.app/companies/central-health/jobs/data-analyst,United States
https://himalayas.app/companies/statista/jobs/consultant-healthcare-data-analytics-m-f-d,Germany
https://himalayas.app/companies/enablecomp/jobs/senior-data-analyst,United States
https://himalayas.app/companies/vesta-software-group/jobs/m-a-research-data-analyst,United Kingdom
https://himalayas.app/companies/remote-world/jobs/product-analyst,United States
https://himalayas.app/companies/inpost/jobs/data-analyst-k-m-n,Poland
https://himalayas.app/companies/moniepoint/jobs/senior-data-analyst,Spain
https://himalayas.app/companies/robusta/jobs/data-analyst-8-months-remote-octopus-by-rtg,Egypt
https://himalayas.app/companies/my-amazon-guy/jobs/it-data-analyst,United States
https://himalayas.app/companies/rightnow-media/jobs/data-analyst-remote,United States
https://himalayas.app/companies/tripleten/jobs/finance-operations-analyst-6768346360,Czechia
https://himalayas.app/companies/sysco/jobs/national-sales-analyst,Canada
https://himalayas.app/companies/aledade/jobs/bi-lead-analyst,United States
https://himalayas.app/companies/exl/jobs/senior-manager-data-analyst-for-medical-health-claims,United States
https://himalayas.app/companies/pavago/jobs/financial-data-analyst-3107046251,Pakistan
https://himalayas.app/companies/proarch/jobs/data-analyst-powerbi-engineer,India
https://himalayas.app/companies/capgemini-technology-services/jobs/fbs-assoc-business-solution-analyst,Mexico
https://himalayas.app/companies/spring-health/jobs/senior-data-analyst-i-marketing-alma,United States
https://himalayas.app/companies/sensedia/jobs/analista-de-dados-pleno-12860,Brazil
https://himalayas.app/companies/mtm-llc/jobs/salesforce-data-analyst,United States
https://himalayas.app/companies/lifelancer/jobs/data-analyst-python-sql-french-proficient-speaker-madrid-based,United States
https://himalayas.app/companies/workhuman/jobs/principal-data-analyst-pricing,United States
https://himalayas.app/companies/zipdev/jobs/marketing-analyst,Mexico
https://himalayas.app/companies/chess-com/jobs/data-analyst-growth-monetization-chesskid,Canada
https://himalayas.app/companies/chess-com/jobs/data-analyst-growth-monetization-chesskid,United States
https://himalayas.app/companies/pearson/jobs/associate-data-analytics-business-intelligence,China
https://himalayas.app/companies/indigo-beam-consulting/jobs/sap-data-analyst,United States
https://himalayas.app/companies/chainlink-labs/jobs/data-risk-operations-analyst,United Kingdom
https://himalayas.app/companies/chainlink-labs/jobs/data-risk-operations-analyst,United States
https://himalayas.app/companies/prezi/jobs/senior-data-analyst,Hungary
https://himalayas.app/companies/remote-va/jobs/business-analyst,Philippines
https://himalayas.app/companies/bm-digital/jobs/senior-data-analyst-3269298709,Philippines
https://himalayas.app/companies/civic-nation/jobs/experimentation-data-analyst-party-at-the-polls,United States
https://himalayas.app/companies/remote-va/jobs/technical-analyst,Philippines
https://himalayas.app/companies/dedale-intelligence/jobs/data-operations-associate,Philippines
https://himalayas.app/companies/nordson-corporation/jobs/data-analyst-i-ams,India
https://himalayas.app/companies/global-healthcare-exchange-ghx/jobs/technical-data-analyst-ii,United States
https://himalayas.app/companies/tlvtech/jobs/data-analyst-2486439865,Israel
https://himalayas.app/companies/gamesight/jobs/data-analyst,United Kingdom
https://himalayas.app/companies/betmgm/jobs/senior-gaming-analyst,United States
https://himalayas.app/companies/exclusive-networks-usa/jobs/sr-analyst-data-ai-and-insights,United States
https://himalayas.app/companies/hopskipdrive/jobs/data-analyst-revenue-ops,United States
https://himalayas.app/companies/everbridge/jobs/data-analyst-ai-amp-data-platform,India
https://himalayas.app/companies/hire-hangar/jobs/junior-data-analyst-4174160018,Argentina
https://himalayas.app/companies/hire-hangar/jobs/junior-data-analyst-4174160018,Brazil
https://himalayas.app/companies/hire-hangar/jobs/junior-data-analyst-4174160018,Colombia
https://himalayas.app/companies/hire-hangar/jobs/junior-data-analyst-4174160018,Dominican Republic
https://himalayas.app/companies/hire-hangar/jobs/junior-data-analyst-4174160018,Egypt
https://himalayas.app/companies/hire-hangar/jobs/junior-data-analyst-4174160018,Ethiopia
https://himalayas.app/companies/hire-hangar/jobs/junior-data-analyst-4174160018,Mexico
https://himalayas.app/companies/hire-hangar/jobs/junior-data-analyst-4174160018,Panama
https://himalayas.app/companies/hire-hangar/jobs/junior-data-analyst-4174160018,South Africa
https://himalayas.app/companies/hire-hangar/jobs/junior-data-analyst-4174160018,United Arab Emirates
https://himalayas.app/companies/hire-hangar/jobs/junior-data-analyst-4174160018,Yemen
https://himalayas.app/companies/institute-for-humane-studies/jobs/academic-research-analyst,United States
https://himalayas.app/companies/ncd/jobs/senior-data-analyst,United States
https://himalayas.app/companies/ci-t/jobs/job-28081-people-analytcis-specialist,Brazil
https://himalayas.app/companies/sqli/jobs/data-analyst-f-h,Morocco
https://himalayas.app/companies/connexus-credit-union/jobs/senior-data-analyst,United States
https://himalayas.app/companies/tabby/jobs/senior-data-analyst-cx-3206256126,Serbia
https://himalayas.app/companies/digital-harbor-foundation/jobs/data-analyst,United States
https://himalayas.app/companies/deel/jobs/data-analyst,Argentina
https://himalayas.app/companies/deel/jobs/data-analyst,Brazil
https://himalayas.app/companies/deel/jobs/data-analyst,Czechia
https://himalayas.app/companies/deel/jobs/data-analyst,Denmark
https://himalayas.app/companies/deel/jobs/data-analyst,Finland
https://himalayas.app/companies/deel/jobs/data-analyst,France
https://himalayas.app/companies/deel/jobs/data-analyst,Germany
https://himalayas.app/companies/deel/jobs/data-analyst,Ireland
https://himalayas.app/companies/deel/jobs/data-analyst,Italy
https://himalayas.app/companies/deel/jobs/data-analyst,Norway
https://himalayas.app/companies/deel/jobs/data-analyst,Portugal
https://himalayas.app/companies/deel/jobs/data-analyst,Spain
https://himalayas.app/companies/deel/jobs/data-analyst,Sweden
https://himalayas.app/companies/work-mercor/jobs/insights-analyst-4640062583,Portugal
https://himalayas.app/companies/helprise/jobs/sql-data-analyst,Poland
https://himalayas.app/companies/bounteous/jobs/business-intelligence-analyst,Mexico
https://himalayas.app/companies/ci-t/jobs/job-29149-senior-data-analyst-brazil-mulheres,Brazil
https://himalayas.app/companies/cube-asia/jobs/data-analyst,Japan
https://himalayas.app/companies/online-river/jobs/data-analyst,United States
https://himalayas.app/companies/sagility/jobs/operations-business-mis-analyst-lead,United States
https://himalayas.app/companies/mercedes-benz-io-gmbh/jobs/digital-analyst,Afghanistan
https://himalayas.app/companies/mercedes-benz-io-gmbh/jobs/digital-analyst,Algeria
https://himalayas.app/companies/mercedes-benz-io-gmbh/jobs/digital-analyst,Angola
https://himalayas.app/companies/mercedes-benz-io-gmbh/jobs/digital-analyst,Australia
https://himalayas.app/companies/mercedes-benz-io-gmbh/jobs/digital-analyst,Austria
https://himalayas.app/companies/mercedes-benz-io-gmbh/jobs/digital-analyst,Bahrain
https://himalayas.app/companies/mercedes-benz-io-gmbh/jobs/digital-analyst,Bangladesh
https://himalayas.app/companies/mercedes-benz-io-gmbh/jobs/digital-analyst,Belgium
https://himalayas.app/companies/mercedes-benz-io-gmbh/jobs/digital-analyst,Bhutan
https://himalayas.app/companies/mercedes-benz-io-gmbh/jobs/digital-analyst,Botswana
https://himalayas.app/companies/mercedes-benz-io-gmbh/jobs/digital-analyst,Bulgaria
https://himalayas.app/companies/mercedes-benz-io-gmbh/jobs/digital-analyst,Burundi
https://himalayas.app/companies/mercedes-benz-io-gmbh/jobs/digital-analyst,Cambodia
https://himalayas.app/companies/mercedes-benz-io-gmbh/jobs/digital-analyst,Cameroon
https://himalayas.app/companies/mercedes-benz-io-gmbh/jobs/digital-analyst,Canada
https://himalayas.app/companies/mercedes-benz-io-gmbh/jobs/digital-analyst,China
https://himalayas.app/companies/mercedes-benz-io-gmbh/jobs/digital-analyst,"Congo, The Democratic Republic of the"
https://himalayas.app/companies/mercedes-benz-io-gmbh/jobs/digital-analyst,Czechia
https://himalayas.app/companies/mercedes-benz-io-gmbh/jobs/digital-analyst,Denmark
https://himalayas.app/companies/mercedes-benz-io-gmbh/jobs/digital-analyst,Egypt
https://himalayas.app/companies/mercedes-benz-io-gmbh/jobs/digital-analyst,Ethiopia
https://himalayas.app/companies/mercedes-benz-io-gmbh/jobs/digital-analyst,Finland
https://himalayas.app/companies/mercedes-benz-io-gmbh/jobs/digital-analyst,France
https://himalayas.app/companies/mercedes-benz-io-gmbh/jobs/digital-analyst,Germany
https://himalayas.app/companies/mercedes-benz-io-gmbh/jobs/digital-analyst,Ghana
https://himalayas.app/companies/mercedes-benz-io-gmbh/jobs/digital-analyst,Greece
https://himalayas.app/companies/mercedes-benz-io-gmbh/jobs/digital-analyst,India
https://himalayas.app/companies/mercedes-benz-io-gmbh/jobs/digital-analyst,Indonesia
https://himalayas.app/companies/mercedes-benz-io-gmbh/jobs/digital-analyst,Iran
https://himalayas.app/companies/mercedes-benz-io-gmbh/jobs/digital-analyst,Iraq
https://himalayas.app/companies/mercedes-benz-io-gmbh/jobs/digital-analyst,Ireland
https://himalayas.app/companies/mercedes-benz-io-gmbh/jobs/digital-analyst,Israel
https://himalayas.app/companies/mercedes-benz-io-gmbh/jobs/digital-analyst,Italy
https://himalayas.app/companies/mercedes-benz-io-gmbh/jobs/digital-analyst,Japan
https://himalayas.app/companies/mercedes-benz-io-gmbh/jobs/digital-analyst,Jordan
https://himalayas.app/companies/mercedes-benz-io-gmbh/jobs/digital-analyst,Kenya
https://himalayas.app/companies/mercedes-benz-io-gmbh/jobs/digital-analyst,Kuwait
https://himalayas.app/companies/mercedes-benz-io-gmbh/jobs/digital-analyst,Lao People's Democratic Republic
https://himalayas.app/companies/mercedes-benz-io-gmbh/jobs/digital-analyst,Lebanon
https://himalayas.app/companies/mercedes-benz-io-gmbh/jobs/digital-analyst,Madagascar
https://himalayas.app/companies/mercedes-benz-io-gmbh/jobs/digital-analyst,Malaysia
https://himalayas.app/companies/mercedes-benz-io-gmbh/jobs/digital-analyst,Morocco
https://himalayas.app/companies/mercedes-benz-io-gmbh/jobs/digital-analyst,Mozambique
https://himalayas.app/companies/mercedes-benz-io-gmbh/jobs/digital-analyst,Myanmar
https://himalayas.app/companies/mercedes-benz-io-gmbh/jobs/digital-analyst,Namibia
https://himalayas.app/companies/mercedes-benz-io-gmbh/jobs/digital-analyst,Nepal
https://himalayas.app/companies/mercedes-benz-io-gmbh/jobs/digital-analyst,Netherlands
https://himalayas.app/companies/mercedes-benz-io-gmbh/jobs/digital-analyst,New Zealand
https://himalayas.app/companies/mercedes-benz-io-gmbh/jobs/digital-analyst,Nigeria
https://himalayas.app/companies/mercedes-benz-io-gmbh/jobs/digital-analyst,Norway
https://himalayas.app/companies/mercedes-benz-io-gmbh/jobs/digital-analyst,Oman
https://himalayas.app/companies/mercedes-benz-io-gmbh/jobs/digital-analyst,Pakistan
https://himalayas.app/companies/mercedes-benz-io-gmbh/jobs/digital-analyst,"Palestine, State of"
https://himalayas.app/companies/mercedes-benz-io-gmbh/jobs/digital-analyst,Philippines
https://himalayas.app/companies/mercedes-benz-io-gmbh/jobs/digital-analyst,Poland
https://himalayas.app/companies/mercedes-benz-io-gmbh/jobs/digital-analyst,Portugal
https://himalayas.app/companies/mercedes-benz-io-gmbh/jobs/digital-analyst,Qatar
https://himalayas.app/companies/mercedes-benz-io-gmbh/jobs/digital-analyst,Romania
https://himalayas.app/companies/mercedes-benz-io-gmbh/jobs/digital-analyst,Russian Federation
https://himalayas.app/companies/mercedes-benz-io-gmbh/jobs/digital-analyst,Rwanda
https://himalayas.app/companies/mercedes-benz-io-gmbh/jobs/digital-analyst,Saudi Arabia
https://himalayas.app/companies/mercedes-benz-io-gmbh/jobs/digital-analyst,Senegal
https://himalayas.app/companies/mercedes-benz-io-gmbh/jobs/digital-analyst,Singapore
https://himalayas.app/companies/mercedes-benz-io-gmbh/jobs/digital-analyst,South Africa
https://himalayas.app/companies/mercedes-benz-io-gmbh/jobs/digital-analyst,South Korea
https://himalayas.app/companies/mercedes-benz-io-gmbh/jobs/digital-analyst,Spain
https://himalayas.app/companies/mercedes-benz-io-gmbh/jobs/digital-analyst,Sri Lanka
https://himalayas.app/companies/mercedes-benz-io-gmbh/jobs/digital-analyst,Sudan
https://himalayas.app/companies/mercedes-benz-io-gmbh/jobs/digital-analyst,Sweden
https://himalayas.app/companies/mercedes-benz-io-gmbh/jobs/digital-analyst,Switzerland
https://himalayas.app/companies/mercedes-benz-io-gmbh/jobs/digital-analyst,Syrian Arab Republic
https://himalayas.app/companies/mercedes-benz-io-gmbh/jobs/digital-analyst,Tanzania
https://himalayas.app/companies/mercedes-benz-io-gmbh/jobs/digital-analyst,Thailand
https://himalayas.app/companies/mercedes-benz-io-gmbh/jobs/digital-analyst,Tunisia
https://himalayas.app/companies/mercedes-benz-io-gmbh/jobs/digital-analyst,Turkey
https://himalayas.app/companies/mercedes-benz-io-gmbh/jobs/digital-analyst,Uganda
https://himalayas.app/companies/mercedes-benz-io-gmbh/jobs/digital-analyst,Ukraine
https://himalayas.app/companies/mercedes-benz-io-gmbh/jobs/digital-analyst,United Arab Emirates
https://himalayas.app/companies/mercedes-benz-io-gmbh/jobs/digital-analyst,United Kingdom
https://himalayas.app/companies/mercedes-benz-io-gmbh/jobs/digital-analyst,United States
https://himalayas.app/companies/mercedes-benz-io-gmbh/jobs/digital-analyst,Vietnam
https://himalayas.app/companies/mercedes-benz-io-gmbh/jobs/digital-analyst,Yemen
https://himalayas.app/companies/mercedes-benz-io-gmbh/jobs/digital-analyst,Zimbabwe
https://himalayas.app/companies/capitex/jobs/data-analyst-fincrime-focus-contract-remote,United Kingdom
https://himalayas.app/companies/ryder-system-inc/jobs/data-analyst-iii,United States
https://himalayas.app/companies/lennor-group/jobs/senior-data-analyst-hybrid,Philippines
https://himalayas.app/companies/included-health/jobs/senior-data-analyst-performance-guarantees,United States
https://himalayas.app/companies/comcast/jobs/business-intelligence-analyst-2-nightshift-wfh,Philippines
https://himalayas.app/companies/capgemini-technology-services/jobs/fbs-customer-data-analyst-8859929921,Mexico
https://himalayas.app/companies/bhg-financial/jobs/operations-analyst,United States
https://himalayas.app/companies/clover-health/jobs/data-analyst-clinical-data-effectiveness,United States
https://himalayas.app/companies/photon-interactive-uk-limited/jobs/data-analyst_offshore-4415828580,India
https://himalayas.app/companies/overmind/jobs/data-analyst,Singapore
https://himalayas.app/companies/molina-healthcare/jobs/senior-analyst-data-analytics,United States
https://himalayas.app/companies/assistrx/jobs/data-analyst-bi-architecture-client-facing-experience-must,United States
https://himalayas.app/companies/spring-health/jobs/business-analyst-operations-analytics,United States
https://himalayas.app/companies/smithrx/jobs/financial-analyst-account-management,Australia
https://himalayas.app/companies/smithrx/jobs/financial-analyst-account-management,Canada
https://himalayas.app/companies/smithrx/jobs/financial-analyst-account-management,Germany
https://himalayas.app/companies/smithrx/jobs/financial-analyst-account-management,India
https://himalayas.app/companies/smithrx/jobs/financial-analyst-account-management,United Kingdom
https://himalayas.app/companies/smithrx/jobs/financial-analyst-account-management,United States
https://himalayas.app/companies/capgemini-technology-services/jobs/fbs-data-analyst-i,Mexico
https://himalayas.app/companies/lexisnexis/jobs/global-operations-data-analyst-iii,South Africa
https://himalayas.app/companies/antenna-group/jobs/senior-insights-analyst,United States
https://himalayas.app/companies/stride-inc/jobs/school-operations-data-specialist,United States
https://himalayas.app/companies/inetum/jobs/business-data-analyst-planet-fitness,Mexico
https://himalayas.app/companies/brighton-health-plan-solutions/jobs/senior-data-analyst-clinical-programs,United States
https://himalayas.app/companies/loadsmart/jobs/senior-business-data-analyst-brokerage,Brazil
https://himalayas.app/companies/relx/jobs/global-operations-data-analyst-iii,South Africa
https://himalayas.app/companies/anaconda/jobs/senior-business-intelligence-analyst,United States
https://himalayas.app/companies/corrohealth/jobs/business-analyst-1644313970,United States
https://himalayas.app/companies/lendbuzz/jobs/product-analyst-operations-argentina,Argentina
https://himalayas.app/companies/dacodes/jobs/marketing-business-analyst-1736140156,Chile
https://himalayas.app/companies/lennor/jobs/data-analyst-hybrid,Philippines
https://himalayas.app/companies/lennor-group/jobs/data-analyst-hybrid,Philippines
https://himalayas.app/companies/erg/jobs/occupational-safety-and-health-data-analyst,United States
https://himalayas.app/companies/printful/jobs/data-analyst,Ireland
https://himalayas.app/companies/fusemachines/jobs/data-analyst-5588964360,Mexico
https://himalayas.app/companies/public-consulting-group/jobs/sr-data-and-reporting-analyst,United States
https://himalayas.app/companies/davita-kidney-care/jobs/data-analyst-clinical-analytics-and-reporting,United States
https://himalayas.app/companies/paired-so/jobs/marketing-bi-analyst-for-u-s-dtc-brand-remote-us-based,Philippines
https://himalayas.app/companies/paired-so/jobs/marketing-bi-analyst-for-u-s-dtc-brand-remote-us-based,United States
https://himalayas.app/companies/arcadia-io/jobs/lead-analyst,United States
https://himalayas.app/companies/trustonic/jobs/data-analyst,Vietnam
https://himalayas.app/companies/averna/jobs/ai-savvy-data-analyst-3107637479,United States
https://himalayas.app/companies/stand-together/jobs/kap-2026-2027-academic-research-analyst-institute-of-humane-studies,United States
https://himalayas.app/companies/onclusive/jobs/corporate-data-analyst-asian-market-chinese-language-speaker,Malaysia
https://himalayas.app/companies/gonift/jobs/senior-data-analyst-revenue-and-growth,United States
https://himalayas.app/companies/abbott/jobs/senior-sales-analyst-sam-s-club-rogers-ar-9442898944,United States
https://himalayas.app/companies/social-discovery-ventures/jobs/marketing-analyst,Indonesia
https://himalayas.app/companies/social-discovery-ventures/jobs/marketing-analyst,Kazakhstan
https://himalayas.app/companies/social-discovery-ventures/jobs/marketing-analyst,Thailand
https://himalayas.app/companies/gtnr/jobs/specialist-contract-pricing-analysis-benchmarking,India
https://himalayas.app/companies/lightcast/jobs/lead-research-analyst-1013,Russian Federation
https://himalayas.app/companies/lightcast/jobs/lead-research-analyst-1013,United States
https://himalayas.app/companies/scan/jobs/marketing-analytics-analyst-sr,United States
https://himalayas.app/companies/829-studios/jobs/bi-analyst,United States
https://himalayas.app/companies/stride-inc/jobs/data-science-analyst,United States
https://himalayas.app/companies/jeeves/jobs/revenue-operations-analyst,Argentina
https://himalayas.app/companies/smallpdf/jobs/principal-data-analyst-growth-product,Switzerland
https://himalayas.app/companies/libertexgroup/jobs/data-analyst,Poland
https://himalayas.app/companies/damia-group/jobs/data-analyst-with-alteryx,Portugal
https://himalayas.app/companies/icon-health/jobs/senior-data-analyst-3270922447,United States
https://himalayas.app/companies/octave/jobs/sr-data-analyst-providers,Serbia
https://himalayas.app/companies/autodoc/jobs/senior-data-analyst,Poland
https://himalayas.app/companies/tabby/jobs/senior-data-analyst-cx-1402511280,Spain
https://himalayas.app/companies/trengo/jobs/data-analyst,Netherlands
https://himalayas.app/companies/dtn/jobs/market-data-analyst,United States
https://himalayas.app/companies/ablefy/jobs/data-analyst-mid-or-senior-level-f-m-x,Germany
https://himalayas.app/companies/kmc-solutions-inc/jobs/xtn-fd02579-data-analyst,United States
https://himalayas.app/companies/datacatalyst-llc/jobs/mdm-data-mapping-analyst-sr-consultant-level,United States
https://himalayas.app/companies/blue-cross-blue-shield-of-arizona/jobs/analyst-analytics-and-data-science-ii-iii,United States
https://himalayas.app/companies/jerseystem/jobs/data102-data-analytics-engineer-mysql-looker,United States
https://himalayas.app/companies/datasmart-point/jobs/data-management-ai-analyst-im-gesundheitswesen-m-w-d-data-management-100-r,Germany
https://himalayas.app/companies/kainos/jobs/lead-data-analyst-1014426644,United Kingdom
https://himalayas.app/companies/upgrade/jobs/junior-business-data-analyst,United States
https://himalayas.app/companies/wiredpeople-inc/jobs/data-governance-analyst,United States
https://himalayas.app/companies/proarch/jobs/data-analyst-powerbi-engineer-5332378485,United States
https://himalayas.app/companies/sequoia-connect/jobs/senior-data-analyst-gcp-bigquery,Mexico
https://himalayas.app/companies/libra-solutions/jobs/strategy-analyst,United States
https://himalayas.app/companies/eclerx/jobs/data-analyst-hris-au,Philippines
https://himalayas.app/companies/dentsu-international/jobs/lead-analyst-analytics-9633706268,United States
https://himalayas.app/companies/remote-recruitment/jobs/marketing-analyst-8554161839,South Africa
https://himalayas.app/companies/bh-properties/jobs/data-analyst,Philippines
https://himalayas.app/companies/tabby/jobs/senior-data-analyst-cx-3552240297,Poland
https://himalayas.app/companies/javvy-coffee/jobs/data-analyst,United States
https://himalayas.app/companies/spring-health/jobs/data-analyst-ii-core-ops-alma,United States
https://himalayas.app/companies/us-federal-solutions/jobs/data-analyst-2689782851,United States
https://himalayas.app/companies/relx/jobs/data-analyst-drug-product-content,United States
https://himalayas.app/companies/lennor/jobs/data-analyst-hybrid-7454350066,Japan
https://himalayas.app/companies/netomi/jobs/lead-business-analyst,India
https://himalayas.app/companies/children-s-wisconsin/jobs/data-analyst-iii,United States
https://himalayas.app/companies/opensesame/jobs/customer-success-operations-analyst,Australia
https://himalayas.app/companies/opensesame/jobs/customer-success-operations-analyst,Canada
https://himalayas.app/companies/opensesame/jobs/customer-success-operations-analyst,India
https://himalayas.app/companies/opensesame/jobs/customer-success-operations-analyst,Ireland
https://himalayas.app/companies/opensesame/jobs/customer-success-operations-analyst,United Kingdom
https://himalayas.app/companies/opensesame/jobs/customer-success-operations-analyst,United States
https://himalayas.app/companies/airslate/jobs/senior-data-analyst-1069183041,Poland
https://himalayas.app/companies/mission-lane/jobs/staff-data-analyst,United States
https://himalayas.app/companies/pavago/jobs/financial-data-analyst-4122137866,Argentina
https://himalayas.app/companies/berkeley-square-it/jobs/dashboards-data-digital-analyst-engineer,United States
https://himalayas.app/companies/reserv/jobs/sr-data-analyst-transport,United States
https://himalayas.app/companies/openly/jobs/staff-analyst-operational-analytics-reporting-remote-us,United States
https://himalayas.app/companies/paired-so/jobs/senior-data-analyst-marketing-focus-at-beautytech-dtc-brand-remote-eu-based-8221045272,Spain
https://himalayas.app/companies/advantage-ontario-advancing-senior-care/jobs/salesforce-data-analyst-contract-to-mid-december,Canada
https://himalayas.app/companies/paired-so/jobs/senior-data-analyst-marketing-focus-at-beautytech-dtc-brand-remote-eu-based-945090844,Romania
https://himalayas.app/companies/cu-medicine/jobs/epic-clarity-data-analyst,United States
https://himalayas.app/companies/200510503z-thermo-fisher-scientific-pte-ltd/jobs/data-analyst-i-in-patient-centered-research,Mexico
https://himalayas.app/companies/linktree/jobs/marketing-analyst,South Africa
https://himalayas.app/companies/arkatechture/jobs/lead-analyst,India
https://himalayas.app/companies/arkatechture/jobs/lead-analyst,United States
https://himalayas.app/companies/tuesday-health/jobs/data-analyst-clinical-operations,Australia
https://himalayas.app/companies/tuesday-health/jobs/data-analyst-clinical-operations,Canada
https://himalayas.app/companies/tuesday-health/jobs/data-analyst-clinical-operations,Germany
https://himalayas.app/companies/tuesday-health/jobs/data-analyst-clinical-operations,India
https://himalayas.app/companies/tuesday-health/jobs/data-analyst-clinical-operations,United Kingdom
https://himalayas.app/companies/tuesday-health/jobs/data-analyst-clinical-operations,United States
https://himalayas.app/companies/assistrx/jobs/data-reporting-analyst-healthtech,United States
https://himalayas.app/companies/inetum/jobs/analista-de-datos-jr,Peru
https://himalayas.app/companies/ci-t/jobs/job-29337-senior-data-analyst-brazil,Brazil
https://himalayas.app/companies/autodesk/jobs/senior-marketing-insights-analyst,United States
https://himalayas.app/companies/european-dynamics/jobs/data-analyst-power-bi-specialist-71870579,Greece
https://himalayas.app/companies/lennor-group/jobs/data-analyst-hybrid-7251141313,Japan
https://himalayas.app/companies/speedlinehub/jobs/data-analyst-antifraud,Australia
https://himalayas.app/companies/speedlinehub/jobs/data-analyst-antifraud,Canada
https://himalayas.app/companies/speedlinehub/jobs/data-analyst-antifraud,Denmark
https://himalayas.app/companies/speedlinehub/jobs/data-analyst-antifraud,Finland
https://himalayas.app/companies/speedlinehub/jobs/data-analyst-antifraud,France
https://himalayas.app/companies/speedlinehub/jobs/data-analyst-antifraud,Germany
https://himalayas.app/companies/speedlinehub/jobs/data-analyst-antifraud,Italy
https://himalayas.app/companies/speedlinehub/jobs/data-analyst-antifraud,Netherlands
https://himalayas.app/companies/speedlinehub/jobs/data-analyst-antifraud,Norway
https://himalayas.app/companies/speedlinehub/jobs/data-analyst-antifraud,Spain
https://himalayas.app/companies/speedlinehub/jobs/data-analyst-antifraud,Sweden
https://himalayas.app/companies/speedlinehub/jobs/data-analyst-antifraud,Switzerland
https://himalayas.app/companies/speedlinehub/jobs/data-analyst-antifraud,United Kingdom
https://himalayas.app/companies/speedlinehub/jobs/data-analyst-antifraud,United States
https://himalayas.app/companies/teladoc-health/jobs/senior-data-analyst-argentina,Argentina
https://himalayas.app/companies/teya/jobs/data-analyst-payments-9365659183,United Kingdom
https://himalayas.app/companies/imex-cargo/jobs/data-analyst-intern,United States
https://himalayas.app/companies/hirelago/jobs/marketplace-reporting-specialist-6951794895,Colombia
https://himalayas.app/companies/drivetrain/jobs/business-analyst-customer-platform,India
https://himalayas.app/companies/navitus-health-solutions/jobs/sr-analyst-data-governance,United States
https://himalayas.app/companies/navitus-health-solutions/jobs/sr-data-analyst-pharmacy-network,United States
https://himalayas.app/companies/providence/jobs/principal-data-analyst-revenue-cycle-remote,United States
https://himalayas.app/companies/sarnova/jobs/data-analyst-cardio-partners-remote,Australia
https://himalayas.app/companies/sarnova/jobs/data-analyst-cardio-partners-remote,Canada
https://himalayas.app/companies/sarnova/jobs/data-analyst-cardio-partners-remote,Ireland
https://himalayas.app/companies/sarnova/jobs/data-analyst-cardio-partners-remote,United Kingdom
https://himalayas.app/companies/sarnova/jobs/data-analyst-cardio-partners-remote,United States
https://himalayas.app/companies/next-move-healthcare/jobs/hris-data-analyst,United States
https://himalayas.app/companies/gohenry/jobs/data-analyst,United Kingdom
https://himalayas.app/companies/reserv/jobs/sr-data-analyst-data-model-regulatory,United States
https://himalayas.app/companies/public-service-division/jobs/contract-senior-analyst-data-pilots-data-exploration-and-partnerships,Singapore
https://himalayas.app/companies/habitat-health/jobs/sr-data-analyst-reporting,United States
https://himalayas.app/companies/tabby/jobs/senior-data-analyst-cx-3864958207,Portugal
https://himalayas.app/companies/truelogic-io/jobs/senior-data-analyst-travel-entertainment-colombia,Colombia
https://himalayas.app/companies/zippi/jobs/business-analyst-ba,Brazil
https://himalayas.app/companies/pradeepit-consulting-services-pvt-ltd/jobs/freelancer-business-analyst-for-google-cloud-platform-2055252840,India
https://himalayas.app/companies/qs-quacquarelli-symonds/jobs/senior-data-analyst,Ecuador
https://himalayas.app/companies/pearl-health/jobs/data-analyst-aco-operations-part-time-contract,United States
https://himalayas.app/companies/kyivstar/jobs/big-data-analyst,Ukraine
https://himalayas.app/companies/tiger-analytics/jobs/data-analyst-financial-planning-and-analysis-canada,Canada
https://himalayas.app/companies/aimpoint-digital/jobs/internal-reporting-analyst-2026-col,Colombia
https://himalayas.app/companies/buxton/jobs/predictive-data-analyst-contract-position-12-months,United States
https://himalayas.app/companies/paired-so/jobs/domo-bi-analyst-at-dtc-e-commerce-brand-remote-us-based,Brazil
https://himalayas.app/companies/paired-so/jobs/domo-bi-analyst-at-dtc-e-commerce-brand-remote-us-based,United States
https://himalayas.app/companies/health-network-one/jobs/lead-clinical-analyst,United States
https://himalayas.app/companies/guidehouse/jobs/program-services-analyst,United States
https://himalayas.app/companies/ats-rippling/jobs/data-analyst-76225397,United States
https://himalayas.app/companies/netbrain/jobs/data-analyst,United States
https://himalayas.app/companies/eastwood-cleef-llc/jobs/senior-data-analyst,United States
https://himalayas.app/companies/telus-digital/jobs/online-data-analyst-english-speaker-in-uk-7909530795,United Kingdom
https://himalayas.app/companies/telus-digital/jobs/remote-online-data-analyst-dutch-belgium,Belgium
https://himalayas.app/companies/telus-digital/jobs/online-data-analyst-german-at,Austria
https://himalayas.app/companies/telus-digital/jobs/online-data-analyst-english-us,United States
https://himalayas.app/companies/connectprep/jobs/data-analyst-internship-9516406824,United States
https://himalayas.app/companies/telus-digital/jobs/remote-online-data-analyst-polish-pl,Poland
https://himalayas.app/companies/telus-digital/jobs/remote-online-data-analyst-german-ch,Switzerland
https://himalayas.app/companies/berkeley-research-group/jobs/data-analyst-8101026040,United States
https://himalayas.app/companies/telus-digital/jobs/remote-online-data-analyst-dutch-nl,Netherlands
https://himalayas.app/companies/telus-digital/jobs/online-data-analyst-hebrew-il,Israel
https://himalayas.app/companies/crowdstrike/jobs/data-analyst-remote-rou,Romania
